site,D_Ko_C22,D_Ko_C40,D_Ko_C42,H_Ba_H02,H_Ba_H09,H_Ba_H19,H_Ba_H21,H_Hi_C03,H_Ku_H02,H_Lo_C19,H_Lo_C20,H_Ne_Y03,H_Ne_Y14,H_Ne_Y36,H_Ne_Y42,H_Rb_Y15,S_Up_H77,S_Up_H80,S_Up_H81
chr18_10000910,0.032608696,0.017241379,0.033333333,0.454545455,0.529411765,0.219512195,0.395348837,0,0.475409836,0,0.227272727,0.375,0.345679012,0.192307692,0.163934426,0.25862069,0.5,0.223214286,0.457943925
chr18_9048799,0.592592593,0.647058824,0.04,NA,1,0.588235294,0.952380952,0.541666667,0.9375,0,0.259259259,1,0.9375,0.941176471,0.482758621,0.384615385,0.875,0.95,1
chr18_9317485,0,0,0,0.961538462,0.826086957,0.486486486,0.888888889,0,0.666666667,0,0,0.888888889,0.25,0.777777778,0.388888889,0.571428571,0.680851064,0.773584906,0.871794872
chr18_9317486,0,0,0,0.842105263,0.818181818,0.5,0.866666667,0,0.888888889,0,0,NA,NA,0.909090909,0.347826087,0.484848485,0.64516129,0.805555556,0.833333333
